# jrc_doe_design: type=fractional, response=Y
run,std_order,is_centre,Temperature,Pressure,DwellTime,FlowRate,Y
1,2,FALSE,200,2,3,30,52.870
2,9,FALSE,160,2,3,10,40.869
3,11,FALSE,160,2,3,30,47.950
4,12,FALSE,200,2,3,10,59.079
5,8,FALSE,200,2,8,30,58.979
6,1,FALSE,160,2,3,10,41.365
7,15,FALSE,160,2,8,10,47.563
8,10,FALSE,200,2,3,30,52.985
9,4,FALSE,200,2,3,10,59.294
10,7,FALSE,160,2,8,10,46.513
11,13,FALSE,160,2,8,30,40.817
12,14,FALSE,200,2,8,10,52.781
13,3,FALSE,160,2,3,30,46.334
14,16,FALSE,200,2,8,30,58.246
15,5,FALSE,160,2,8,30,40.187
16,6,FALSE,200,2,8,10,52.881
