id,value
1,8.87819968503856
2,21.1883958951909
3,10.3566978202005
4,9.85894671149346
5,9.84847457191867
6,11.922144452956
7,9.72951192192844
8,11.0970380355323
9,29.5141278602307
10,11.6044226912964
11,7.40759177705274
12,9.4592516157441
13,10.2690350591405
14,10.2561542158118
15,9.10857833745373
16,8.08420174839599
17,9.04245707201523
18,10.765547239084
19,11.8692399123223
20,13.5913535798995
21,9.18340564915498
22,10.1626574671447
23,8.45901049673816
24,9.4734271610844
25,11.5420931692303
26,9.46794559271324
27,11.5643096613211
28,10.5193490054897
29,8.86429841560299
30,11.1925985745903
31,10.691296417872
32,11.0340551324734
33,9.5046582697797
34,6.5993417826945
35,11.283081077713
36,9.05422871368562
37,9.04480242029593
38,10.7022843586315
39,8.23427771653746
40,11.5571101203447
41,11.1218003149614
42,-1.1883958951909
43,9.64330217979946
44,10.1410532885065
45,10.1515254280813
46,8.07785554704403
47,10.2704880780716
48,8.90296196446768
49,-9.51412786023069
50,8.39557730870364
51,12.5924082229473
52,10.5407483842559
53,9.7309649408595
54,9.74384578418825
55,10.8914216625463
56,11.915798251604
57,10.9575429279848
58,9.23445276091598
59,8.13076008767773
60,6.40864642010052
61,10.816594350845
62,9.83734253285528
63,11.5409895032618
64,10.5265728389156
65,8.45790683076966
66,10.5320544072868
67,8.43569033867892
68,9.48065099451035
69,11.135701584397
70,8.80740142540974
71,9.30870358212804
72,8.96594486752664
73,10.4953417302203
74,13.4006582173055
75,8.71691892228703
76,10.9457712863144
77,10.9551975797041
78,9.29771564136846
79,11.7657222834625
80,8.44288987965528
